Changes made at Sat Aug  9 05:58:18 UTC 2025
Changes made at Thu Nov 20 14:06:28 UTC 2025
Changes made at Thu Nov 20 14:13:03 UTC 2025
Changes made at Thu Nov 20 16:17:12 UTC 2025
Changes made at Fri Nov 21 08:19:05 UTC 2025
Changes made at Fri Nov 21 10:14:03 UTC 2025
Changes made at Fri Nov 21 14:13:05 UTC 2025
Changes made at Fri Nov 21 16:16:38 UTC 2025
Changes made at Sat Nov 22 08:16:16 UTC 2025
Changes made at Sat Nov 22 10:12:47 UTC 2025
Changes made at Sat Nov 22 14:10:46 UTC 2025
Changes made at Sat Nov 22 16:14:35 UTC 2025
Changes made at Sun Nov 23 08:16:22 UTC 2025
Changes made at Sun Nov 23 10:12:40 UTC 2025
Changes made at Sun Nov 23 14:10:59 UTC 2025
Changes made at Sun Nov 23 16:14:24 UTC 2025
Changes made at Mon Nov 24 08:19:48 UTC 2025
Changes made at Mon Nov 24 10:15:43 UTC 2025
Changes made at Mon Nov 24 14:13:43 UTC 2025
Changes made at Mon Nov 24 16:14:39 UTC 2025
